<?xml version="1.0" encoding="UTF-8" ?>
<!DOCTYPE mapper PUBLIC "-//mybatis.org//DTD Mapper 3.0//EN" "http://mybatis.org/dtd/mybatis-3-mapper.dtd" >
<mapper namespace="com.cms.mapper.PermissionMapper">
    <!-- Result Map -->
    <resultMap id="permissionResultMap" type="com.cms.entity.Permission">
        <id column="id" property="id"/>
        <result column="name" property="name"/>
        <result column="code" property="code"/>
        <result column="type" property="type"/>
        <result column="parent_id" property="parentId"/>
        <result column="path" property="path"/>
        <result column="component" property="component"/>
        <result column="icon" property="icon"/>
        <result column="sort_order" property="sortOrder"/>
        <result column="hidden" property="hidden"/>
        <result column="create_time" property="createTime"/>
        <result column="update_time" property="updateTime"/>
        <result column="create_by" property="createBy"/>
        <result column="update_by" property="updateBy"/>
        <result column="remark" property="remark"/>
    </resultMap>

    <!-- Base Column List -->
    <sql id="baseColumnList">
        id, name, code, type, parent_id, path, component, icon, sort_order, hidden, 
        create_time, update_time, create_by, update_by, remark
    </sql>

    <!-- Find By ID -->
    <select id="findById" resultMap="permissionResultMap">
        SELECT 
            <include refid="baseColumnList"/>
        FROM 
            sys_permission
        WHERE 
            id = #{id}
    </select>

    <!-- Find By Code -->
    <select id="findByCode" resultMap="permissionResultMap">
        SELECT 
            <include refid="baseColumnList"/>
        FROM 
            sys_permission
        WHERE 
            code = #{code}
    </select>

    <!-- Find All Permissions -->
    <select id="findAll" resultMap="permissionResultMap">
        SELECT 
            <include refid="baseColumnList"/>
        FROM 
            sys_permission
        ORDER BY 
            sort_order ASC, create_time DESC
    </select>

    <!-- Find All with Pagination -->
    <select id="findAllWithPagination" resultMap="permissionResultMap">
        SELECT 
            <include refid="baseColumnList"/>
        FROM 
            sys_permission
        ORDER BY 
            sort_order ASC, create_time DESC
        LIMIT #{offset}, #{limit}
    </select>

    <!-- Find By Type -->
    <select id="findByType" resultMap="permissionResultMap">
        SELECT 
            <include refid="baseColumnList"/>
        FROM 
            sys_permission
        WHERE 
            type = #{type}
        ORDER BY 
            sort_order ASC, create_time DESC
    </select>

    <!-- Find By Parent ID -->
    <select id="findByParentId" resultMap="permissionResultMap">
        SELECT 
            <include refid="baseColumnList"/>
        FROM 
            sys_permission
        WHERE 
            parent_id = #{parentId}
        ORDER BY 
            sort_order ASC, create_time DESC
    </select>

    <!-- Count Total Permissions -->
    <select id="count" resultType="int">
        SELECT 
            COUNT(1)
        FROM 
            sys_permission
    </select>

    <!-- Insert Permission -->
    <insert id="insert" parameterType="com.cms.entity.Permission" useGeneratedKeys="true" keyProperty="id">
        INSERT INTO sys_permission (
            name, code, type, parent_id, path, component, icon, sort_order, hidden,
            create_time, update_time, create_by, update_by, remark
        ) VALUES (
            #{name}, #{code}, #{type}, #{parentId}, #{path}, #{component}, #{icon}, #{sortOrder}, #{hidden},
            NOW(), NOW(), #{createBy}, #{updateBy}, #{remark}
        )
    </insert>

    <!-- Update Permission -->
    <update id="update" parameterType="com.cms.entity.Permission">
        UPDATE sys_permission
        <set>
            <if test="name != null">name = #{name},</if>
            <if test="code != null">code = #{code},</if>
            <if test="type != null">type = #{type},</if>
            <if test="parentId != null">parent_id = #{parentId},</if>
            <if test="path != null">path = #{path},</if>
            <if test="component != null">component = #{component},</if>
            <if test="icon != null">icon = #{icon},</if>
            <if test="sortOrder != null">sort_order = #{sortOrder},</if>
            <if test="hidden != null">hidden = #{hidden},</if>
            update_time = NOW(),
            <if test="updateBy != null">update_by = #{updateBy},</if>
            <if test="remark != null">remark = #{remark},</if>
        </set>
        WHERE id = #{id}
    </update>

    <!-- Delete Permission -->
    <delete id="deleteById">
        DELETE FROM sys_permission
        WHERE id = #{id}
    </delete>

    <!-- Find Permissions by Role ID -->
    <select id="findByRoleId" resultMap="permissionResultMap">
        SELECT 
            p.id, p.name, p.code, p.type, p.parent_id, p.path, p.component, p.icon, p.sort_order, p.hidden, 
            p.create_time, p.update_time, p.create_by, p.update_by, p.remark
        FROM 
            sys_permission p
        INNER JOIN 
            sys_role_permission rp ON p.id = rp.permission_id
        WHERE 
            rp.role_id = #{roleId}
        ORDER BY 
            p.sort_order ASC
    </select>

    <!-- Find Permissions by User ID -->
    <select id="findByUserId" resultMap="permissionResultMap">
        SELECT DISTINCT
            p.id, p.name, p.code, p.type, p.parent_id, p.path, p.component, p.icon, p.sort_order, p.hidden, 
            p.create_time, p.update_time, p.create_by, p.update_by, p.remark
        FROM 
            sys_permission p
        INNER JOIN 
            sys_role_permission rp ON p.id = rp.permission_id
        INNER JOIN 
            sys_user_role ur ON rp.role_id = ur.role_id
        WHERE 
            ur.user_id = #{userId}
        ORDER BY 
            p.sort_order ASC
    </select>
</mapper>