<?xml version="1.0" encoding="UTF-8" ?>
<!DOCTYPE mapper PUBLIC "-//mybatis.org//DTD Mapper 3.0//EN" "http://mybatis.org/dtd/mybatis-3-mapper.dtd" >
<mapper namespace="com.cms.mapper.RoleMapper">
    <!-- Result Map -->
    <resultMap id="roleResultMap" type="com.cms.entity.Role">
        <id column="id" property="id"/>
        <result column="name" property="name"/>
        <result column="code" property="code"/>
        <result column="description" property="description"/>
        <result column="sort_order" property="sortOrder"/>
        <result column="status" property="status"/>
        <result column="create_time" property="createTime"/>
        <result column="update_time" property="updateTime"/>
        <result column="create_by" property="createBy"/>
        <result column="update_by" property="updateBy"/>
        <result column="remark" property="remark"/>
    </resultMap>

    <!-- Base Column List -->
    <sql id="baseColumnList">
        id, name, code, description, sort_order, status, 
        create_time, update_time, create_by, update_by, remark
    </sql>

    <!-- Find By ID -->
    <select id="findById" resultMap="roleResultMap">
        SELECT 
            <include refid="baseColumnList"/>
        FROM 
            sys_role
        WHERE 
            id = #{id}
    </select>

    <!-- Find By Code -->
    <select id="findByCode" resultMap="roleResultMap">
        SELECT 
            <include refid="baseColumnList"/>
        FROM 
            sys_role
        WHERE 
            code = #{code}
    </select>

    <!-- Find All Roles -->
    <select id="findAll" resultMap="roleResultMap">
        SELECT 
            <include refid="baseColumnList"/>
        FROM 
            sys_role
        ORDER BY 
            sort_order ASC, create_time DESC
    </select>

    <!-- Find All with Pagination -->
    <select id="findAllWithPagination" resultMap="roleResultMap">
        SELECT 
            <include refid="baseColumnList"/>
        FROM 
            sys_role
        ORDER BY 
            sort_order ASC, create_time DESC
        LIMIT #{offset}, #{limit}
    </select>

    <!-- Count Total Roles -->
    <select id="count" resultType="int">
        SELECT 
            COUNT(1)
        FROM 
            sys_role
    </select>

    <!-- Search Roles -->
    <select id="search" resultMap="roleResultMap">
        SELECT 
            <include refid="baseColumnList"/>
        FROM 
            sys_role
        <where>
            <if test="name != null and name != ''">
                AND name LIKE CONCAT('%', #{name}, '%')
            </if>
            <if test="code != null and code != ''">
                AND code LIKE CONCAT('%', #{code}, '%')
            </if>
            <if test="status != null and status != ''">
                AND status = #{status}
            </if>
        </where>
        ORDER BY 
            sort_order ASC, create_time DESC
    </select>

    <!-- Insert Role -->
    <insert id="insert" parameterType="com.cms.entity.Role" useGeneratedKeys="true" keyProperty="id">
        INSERT INTO sys_role (
            name, code, description, sort_order, status, 
            create_time, update_time, create_by, update_by, remark
        ) VALUES (
            #{name}, #{code}, #{description}, #{sortOrder}, #{status},
            NOW(), NOW(), #{createBy}, #{updateBy}, #{remark}
        )
    </insert>

    <!-- Update Role -->
    <update id="update" parameterType="com.cms.entity.Role">
        UPDATE sys_role
        <set>
            <if test="name != null">name = #{name},</if>
            <if test="code != null">code = #{code},</if>
            <if test="description != null">description = #{description},</if>
            <if test="sortOrder != null">sort_order = #{sortOrder},</if>
            <if test="status != null">status = #{status},</if>
            update_time = NOW(),
            <if test="updateBy != null">update_by = #{updateBy},</if>
            <if test="remark != null">remark = #{remark},</if>
        </set>
        WHERE id = #{id}
    </update>

    <!-- Update Status -->
    <update id="updateStatus">
        UPDATE sys_role
        SET status = #{status}, update_time = NOW()
        WHERE id = #{id}
    </update>

    <!-- Delete Role -->
    <delete id="deleteById">
        DELETE FROM sys_role
        WHERE id = #{id}
    </delete>
    
    <!-- Find Roles by User ID -->
    <select id="findRolesByUserId" resultMap="roleResultMap">
        SELECT 
            r.id, r.name, r.code, r.description, r.sort_order, r.status, 
            r.create_time, r.update_time, r.create_by, r.update_by, r.remark
        FROM 
            sys_role r
        INNER JOIN 
            sys_user_role ur ON r.id = ur.role_id
        WHERE 
            ur.user_id = #{userId}
        ORDER BY 
            r.sort_order ASC
    </select>
</mapper>