<?xml version="1.0" encoding="UTF-8" ?>
<!DOCTYPE mapper PUBLIC "-//mybatis.org//DTD Mapper 3.0//EN" "http://mybatis.org/dtd/mybatis-3-mapper.dtd" >
<mapper namespace="com.cms.mapper.RolePermissionMapper">
    <!-- Result Map -->
    <resultMap id="rolePermissionResultMap" type="com.cms.entity.RolePermission">
        <id column="id" property="id"/>
        <result column="role_id" property="roleId"/>
        <result column="permission_id" property="permissionId"/>
    </resultMap>

    <!-- Find By ID -->
    <select id="findById" resultMap="rolePermissionResultMap">
        SELECT 
            id, role_id, permission_id
        FROM 
            sys_role_permission
        WHERE 
            id = #{id}
    </select>

    <!-- Find By Role ID -->
    <select id="findByRoleId" resultMap="rolePermissionResultMap">
        SELECT 
            id, role_id, permission_id
        FROM 
            sys_role_permission
        WHERE 
            role_id = #{roleId}
    </select>

    <!-- Find By Permission ID -->
    <select id="findByPermissionId" resultMap="rolePermissionResultMap">
        SELECT 
            id, role_id, permission_id
        FROM 
            sys_role_permission
        WHERE 
            permission_id = #{permissionId}
    </select>

    <!-- Find By Role ID and Permission ID -->
    <select id="findByRoleIdAndPermissionId" resultMap="rolePermissionResultMap">
        SELECT 
            id, role_id, permission_id
        FROM 
            sys_role_permission
        WHERE 
            role_id = #{roleId} AND permission_id = #{permissionId}
    </select>

    <!-- Insert Role Permission -->
    <insert id="insert" parameterType="com.cms.entity.RolePermission" useGeneratedKeys="true" keyProperty="id">
        INSERT INTO sys_role_permission (
            role_id, permission_id
        ) VALUES (
            #{roleId}, #{permissionId}
        )
    </insert>

    <!-- Batch Insert Role Permissions -->
    <insert id="batchInsert" parameterType="java.util.List">
        INSERT INTO sys_role_permission (
            role_id, permission_id
        ) VALUES 
        <foreach collection="list" item="item" separator=",">
            (#{item.roleId}, #{item.permissionId})
        </foreach>
    </insert>

    <!-- Delete By ID -->
    <delete id="deleteById">
        DELETE FROM sys_role_permission
        WHERE id = #{id}
    </delete>

    <!-- Delete By Role ID -->
    <delete id="deleteByRoleId">
        DELETE FROM sys_role_permission
        WHERE role_id = #{roleId}
    </delete>

    <!-- Delete By Permission ID -->
    <delete id="deleteByPermissionId">
        DELETE FROM sys_role_permission
        WHERE permission_id = #{permissionId}
    </delete>

    <!-- Delete By Role ID and Permission ID -->
    <delete id="deleteByRoleIdAndPermissionId">
        DELETE FROM sys_role_permission
        WHERE role_id = #{roleId} AND permission_id = #{permissionId}
    </delete>
</mapper>