<?xml version="1.0" encoding="UTF-8" ?>
<!DOCTYPE mapper PUBLIC "-//mybatis.org//DTD Mapper 3.0//EN" "http://mybatis.org/dtd/mybatis-3-mapper.dtd" >
<mapper namespace="com.cms.mapper.UserMapper">
    <!-- Result Map -->
    <resultMap id="userResultMap" type="com.cms.entity.User">
        <id column="id" property="id"/>
        <result column="username" property="username"/>
        <result column="password" property="password"/>
        <result column="name" property="name"/>
        <result column="email" property="email"/>
        <result column="phone" property="phone"/>
        <result column="avatar" property="avatar"/>
        <result column="status" property="status"/>
        <result column="last_login_time" property="lastLoginTime"/>
        <result column="create_time" property="createTime"/>
        <result column="update_time" property="updateTime"/>
        <result column="create_by" property="createBy"/>
        <result column="update_by" property="updateBy"/>
        <result column="remark" property="remark"/>
    </resultMap>

    <!-- Base Column List -->
    <sql id="baseColumnList">
        id, username, password, name, email, phone, avatar, status, 
        last_login_time, create_time, update_time, create_by, update_by, remark
    </sql>

    <!-- Find By ID -->
    <select id="findById" resultMap="userResultMap">
        SELECT 
            <include refid="baseColumnList"/>
        FROM 
            sys_user
        WHERE 
            id = #{id}
    </select>

    <!-- Find By Username -->
    <select id="findByUsername" resultMap="userResultMap">
        SELECT 
            <include refid="baseColumnList"/>
        FROM 
            sys_user
        WHERE 
            username = #{username}
    </select>

    <!-- Find By Email -->
    <select id="findByEmail" resultMap="userResultMap">
        SELECT 
            <include refid="baseColumnList"/>
        FROM 
            sys_user
        WHERE 
            email = #{email}
    </select>

    <!-- Find All Users -->
    <select id="findAll" resultMap="userResultMap">
        SELECT 
            <include refid="baseColumnList"/>
        FROM 
            sys_user
        ORDER BY 
            create_time DESC
    </select>

    <!-- Find All with Pagination -->
    <select id="findAllWithPagination" resultMap="userResultMap">
        SELECT 
            <include refid="baseColumnList"/>
        FROM 
            sys_user
        ORDER BY 
            create_time DESC
        LIMIT #{offset}, #{limit}
    </select>

    <!-- Count Total Users -->
    <select id="count" resultType="int">
        SELECT 
            COUNT(1)
        FROM 
            sys_user
    </select>

    <!-- Search Users -->
    <select id="search" resultMap="userResultMap">
        SELECT 
            <include refid="baseColumnList"/>
        FROM 
            sys_user
        <where>
            <if test="username != null and username != ''">
                AND username LIKE CONCAT('%', #{username}, '%')
            </if>
            <if test="name != null and name != ''">
                AND name LIKE CONCAT('%', #{name}, '%')
            </if>
            <if test="email != null and email != ''">
                AND email LIKE CONCAT('%', #{email}, '%')
            </if>
            <if test="status != null and status != ''">
                AND status = #{status}
            </if>
        </where>
        ORDER BY 
            create_time DESC
    </select>

    <!-- Insert User -->
    <insert id="insert" parameterType="com.cms.entity.User" useGeneratedKeys="true" keyProperty="id">
        INSERT INTO sys_user (
            username, password, name, email, phone, avatar, status, 
            last_login_time, create_time, update_time, create_by, update_by, remark
        ) VALUES (
            #{username}, #{password}, #{name}, #{email}, #{phone}, #{avatar}, #{status},
            #{lastLoginTime}, NOW(), NOW(), #{createBy}, #{updateBy}, #{remark}
        )
    </insert>

    <!-- Update User -->
    <update id="update" parameterType="com.cms.entity.User">
        UPDATE sys_user
        <set>
            <if test="name != null">name = #{name},</if>
            <if test="email != null">email = #{email},</if>
            <if test="phone != null">phone = #{phone},</if>
            <if test="avatar != null">avatar = #{avatar},</if>
            <if test="status != null">status = #{status},</if>
            <if test="lastLoginTime != null">last_login_time = #{lastLoginTime},</if>
            update_time = NOW(),
            <if test="updateBy != null">update_by = #{updateBy},</if>
            <if test="remark != null">remark = #{remark},</if>
        </set>
        WHERE id = #{id}
    </update>

    <!-- Update Status -->
    <update id="updateStatus">
        UPDATE sys_user
        SET status = #{status}, update_time = NOW()
        WHERE id = #{id}
    </update>

    <!-- Update Password -->
    <update id="updatePassword">
        UPDATE sys_user
        SET password = #{password}, update_time = NOW()
        WHERE id = #{id}
    </update>

    <!-- Delete User -->
    <delete id="deleteById">
        DELETE FROM sys_user
        WHERE id = #{id}
    </delete>
</mapper>