<?xml version="1.0" encoding="UTF-8" ?>
<!DOCTYPE mapper PUBLIC "-//mybatis.org//DTD Mapper 3.0//EN" "http://mybatis.org/dtd/mybatis-3-mapper.dtd" >
<mapper namespace="com.cms.mapper.UserRoleMapper">
    <!-- Result Map -->
    <resultMap id="userRoleResultMap" type="com.cms.entity.UserRole">
        <id column="id" property="id"/>
        <result column="user_id" property="userId"/>
        <result column="role_id" property="roleId"/>
        <result column="role_name" property="roleName"/>
    </resultMap>

    <!-- Find By ID -->
    <select id="findById" resultMap="userRoleResultMap">
        SELECT 
            ur.id, ur.user_id, ur.role_id, r.name as role_name
        FROM 
            sys_user_role ur
        LEFT JOIN 
            sys_role r ON ur.role_id = r.id
        WHERE 
            ur.id = #{id}
    </select>

    <!-- Find By User ID -->
    <select id="findByUserId" resultMap="userRoleResultMap">
        SELECT 
            ur.id, ur.user_id, ur.role_id, r.name as role_name
        FROM 
            sys_user_role ur
        LEFT JOIN 
            sys_role r ON ur.role_id = r.id
        WHERE 
            ur.user_id = #{userId}
    </select>

    <!-- Find By Role ID -->
    <select id="findByRoleId" resultMap="userRoleResultMap">
        SELECT 
            ur.id, ur.user_id, ur.role_id, r.name as role_name
        FROM 
            sys_user_role ur
        LEFT JOIN 
            sys_role r ON ur.role_id = r.id
        WHERE 
            ur.role_id = #{roleId}
    </select>

    <!-- Find By User ID and Role ID -->
    <select id="findByUserIdAndRoleId" resultMap="userRoleResultMap">
        SELECT 
            ur.id, ur.user_id, ur.role_id, r.name as role_name
        FROM 
            sys_user_role ur
        LEFT JOIN 
            sys_role r ON ur.role_id = r.id
        WHERE 
            ur.user_id = #{userId} AND ur.role_id = #{roleId}
    </select>

    <!-- Insert User Role -->
    <insert id="insert" parameterType="com.cms.entity.UserRole" useGeneratedKeys="true" keyProperty="id">
        INSERT INTO sys_user_role (
            user_id, role_id
        ) VALUES (
            #{userId}, #{roleId}
        )
    </insert>

    <!-- Batch Insert User Roles -->
    <insert id="batchInsert" parameterType="java.util.List">
        INSERT INTO sys_user_role (
            user_id, role_id
        ) VALUES 
        <foreach collection="list" item="item" separator=",">
            (#{item.userId}, #{item.roleId})
        </foreach>
    </insert>

    <!-- Delete By ID -->
    <delete id="deleteById">
        DELETE FROM sys_user_role
        WHERE id = #{id}
    </delete>

    <!-- Delete By User ID -->
    <delete id="deleteByUserId">
        DELETE FROM sys_user_role
        WHERE user_id = #{userId}
    </delete>

    <!-- Delete By Role ID -->
    <delete id="deleteByRoleId">
        DELETE FROM sys_user_role
        WHERE role_id = #{roleId}
    </delete>

    <!-- Delete By User ID and Role ID -->
    <delete id="deleteByUserIdAndRoleId">
        DELETE FROM sys_user_role
        WHERE user_id = #{userId} AND role_id = #{roleId}
    </delete>
</mapper>