<?xml version="1.0" encoding="UTF-8" ?>
<!DOCTYPE mapper PUBLIC "-//mybatis.org//DTD Mapper 3.0//EN" "http://mybatis.org/dtd/mybatis-3-mapper.dtd" >
<mapper namespace="com.cms.mapper.ArticleTagMapper">
    <!-- Result Map -->
    <resultMap id="articleTagResultMap" type="com.cms.entity.ArticleTag">
        <id column="id" property="id"/>
        <result column="article_id" property="articleId"/>
        <result column="tag_id" property="tagId"/>
        <result column="tag_name" property="tagName"/>
    </resultMap>

    <!-- Find By ID -->
    <select id="findById" resultMap="articleTagResultMap">
        SELECT 
            at.id, at.article_id, at.tag_id, t.name as tag_name
        FROM 
            cms_article_tag at
        LEFT JOIN 
            cms_tag t ON at.tag_id = t.id
        WHERE 
            at.id = #{id}
    </select>

    <!-- Find By Article ID -->
    <select id="findByArticleId" resultMap="articleTagResultMap">
        SELECT 
            at.id, at.article_id, at.tag_id, t.name as tag_name
        FROM 
            cms_article_tag at
        LEFT JOIN 
            cms_tag t ON at.tag_id = t.id
        WHERE 
            at.article_id = #{articleId}
    </select>

    <!-- Find By Tag ID -->
    <select id="findByTagId" resultMap="articleTagResultMap">
        SELECT 
            at.id, at.article_id, at.tag_id, t.name as tag_name
        FROM 
            cms_article_tag at
        LEFT JOIN 
            cms_tag t ON at.tag_id = t.id
        WHERE 
            at.tag_id = #{tagId}
    </select>

    <!-- Find By Article ID and Tag ID -->
    <select id="findByArticleIdAndTagId" resultMap="articleTagResultMap">
        SELECT 
            at.id, at.article_id, at.tag_id, t.name as tag_name
        FROM 
            cms_article_tag at
        LEFT JOIN 
            cms_tag t ON at.tag_id = t.id
        WHERE 
            at.article_id = #{articleId} AND at.tag_id = #{tagId}
    </select>

    <!-- Insert Article Tag -->
    <insert id="insert" parameterType="com.cms.entity.ArticleTag" useGeneratedKeys="true" keyProperty="id">
        INSERT INTO cms_article_tag (
            article_id, tag_id, tag_name
        ) VALUES (
            #{articleId}, #{tagId}, #{tagName}
        )
    </insert>

    <!-- Batch Insert Article Tags -->
    <insert id="batchInsert" parameterType="java.util.List">
        INSERT INTO cms_article_tag (
            article_id, tag_id, tag_name
        ) VALUES 
        <foreach collection="list" item="item" separator=",">
            (#{item.articleId}, #{item.tagId}, #{item.tagName})
        </foreach>
    </insert>

    <!-- Delete By ID -->
    <delete id="deleteById">
        DELETE FROM cms_article_tag
        WHERE id = #{id}
    </delete>

    <!-- Delete By Article ID -->
    <delete id="deleteByArticleId">
        DELETE FROM cms_article_tag
        WHERE article_id = #{articleId}
    </delete>

    <!-- Delete By Tag ID -->
    <delete id="deleteByTagId">
        DELETE FROM cms_article_tag
        WHERE tag_id = #{tagId}
    </delete>

    <!-- Delete By Article ID and Tag ID -->
    <delete id="deleteByArticleIdAndTagId">
        DELETE FROM cms_article_tag
        WHERE article_id = #{articleId} AND tag_id = #{tagId}
    </delete>
</mapper>