<?xml version="1.0" encoding="UTF-8" ?>
<!DOCTYPE mapper PUBLIC "-//mybatis.org//DTD Mapper 3.0//EN" "http://mybatis.org/dtd/mybatis-3-mapper.dtd" >
<mapper namespace="com.cms.mapper.ArticleMapper">
    <!-- Result Map -->
    <resultMap id="articleResultMap" type="com.cms.entity.Article">
        <id column="id" property="id"/>
        <result column="title" property="title"/>
        <result column="content" property="content"/>
        <result column="summary" property="summary"/>
        <result column="cover_image" property="coverImage"/>
        <result column="category_id" property="categoryId"/>
        <result column="category_name" property="categoryName"/>
        <result column="status" property="status"/>
        <result column="view_count" property="viewCount"/>
        <result column="featured" property="featured"/>
        <result column="author_id" property="authorId"/>
        <result column="author_name" property="authorName"/>
        <result column="publish_time" property="publishTime"/>
        <result column="create_time" property="createTime"/>
        <result column="update_time" property="updateTime"/>
        <result column="create_by" property="createBy"/>
        <result column="update_by" property="updateBy"/>
        <result column="keywords" property="keywords"/>
        <result column="seo_description" property="seoDescription"/>
        <result column="url_alias" property="urlAlias"/>
        <result column="sort_order" property="sortOrder"/>
    </resultMap>

    <!-- Base Column List -->
    <sql id="baseColumnList">
        id, title, content, summary, cover_image, category_id, category_name, status, 
        view_count, featured, author_id, author_name, publish_time, 
        create_time, update_time, create_by, update_by, keywords, 
        seo_description, url_alias, sort_order
    </sql>

    <!-- Find By ID -->
    <select id="findById" resultMap="articleResultMap">
        SELECT 
            <include refid="baseColumnList"/>
        FROM 
            cms_article
        WHERE 
            id = #{id}
    </select>

    <!-- Find By URL Alias -->
    <select id="findByUrlAlias" resultMap="articleResultMap">
        SELECT 
            <include refid="baseColumnList"/>
        FROM 
            cms_article
        WHERE 
            url_alias = #{urlAlias}
    </select>

    <!-- Find All Articles -->
    <select id="findAll" resultMap="articleResultMap">
        SELECT 
            <include refid="baseColumnList"/>
        FROM 
            cms_article
        ORDER BY 
            sort_order ASC, create_time DESC
    </select>

    <!-- Find All with Pagination -->
    <select id="findAllWithPagination" resultMap="articleResultMap">
        SELECT 
            <include refid="baseColumnList"/>
        FROM 
            cms_article
        ORDER BY 
            sort_order ASC, create_time DESC
        LIMIT #{offset}, #{limit}
    </select>

    <!-- Find By Category ID -->
    <select id="findByCategoryId" resultMap="articleResultMap">
        SELECT 
            <include refid="baseColumnList"/>
        FROM 
            cms_article
        WHERE 
            category_id = #{categoryId}
        ORDER BY 
            sort_order ASC, create_time DESC
    </select>

    <!-- Find By Category ID with Pagination -->
    <select id="findByCategoryIdWithPagination" resultMap="articleResultMap">
        SELECT 
            <include refid="baseColumnList"/>
        FROM 
            cms_article
        WHERE 
            category_id = #{categoryId}
        ORDER BY 
            sort_order ASC, create_time DESC
        LIMIT #{offset}, #{limit}
    </select>

    <!-- Find By Author ID -->
    <select id="findByAuthorId" resultMap="articleResultMap">
        SELECT 
            <include refid="baseColumnList"/>
        FROM 
            cms_article
        WHERE 
            author_id = #{authorId}
        ORDER BY 
            create_time DESC
    </select>

    <!-- Find By Status -->
    <select id="findByStatus" resultMap="articleResultMap">
        SELECT 
            <include refid="baseColumnList"/>
        FROM 
            cms_article
        WHERE 
            status = #{status}
        ORDER BY 
            sort_order ASC, create_time DESC
    </select>

    <!-- Find Featured Articles -->
    <select id="findFeatured" resultMap="articleResultMap">
        SELECT 
            <include refid="baseColumnList"/>
        FROM 
            cms_article
        WHERE 
            featured = true
            AND status = 'published'
        ORDER BY 
            sort_order ASC, create_time DESC
        LIMIT #{limit}
    </select>

    <!-- Search Articles -->
    <select id="search" resultMap="articleResultMap">
        SELECT 
            <include refid="baseColumnList"/>
        FROM 
            cms_article
        WHERE 
            (title LIKE CONCAT('%', #{keyword}, '%')
            OR content LIKE CONCAT('%', #{keyword}, '%')
            OR summary LIKE CONCAT('%', #{keyword}, '%')
            OR keywords LIKE CONCAT('%', #{keyword}, '%'))
        ORDER BY 
            create_time DESC
    </select>

    <!-- Advanced Search -->
    <select id="advancedSearch" resultMap="articleResultMap">
        SELECT 
            <include refid="baseColumnList"/>
        FROM 
            cms_article
        <where>
            <if test="title != null and title != ''">
                AND title LIKE CONCAT('%', #{title}, '%')
            </if>
            <if test="categoryId != null">
                AND category_id = #{categoryId}
            </if>
            <if test="status != null and status != ''">
                AND status = #{status}
            </if>
            <if test="featured != null">
                AND featured = #{featured}
            </if>
            <if test="authorId != null">
                AND author_id = #{authorId}
            </if>
        </where>
        ORDER BY 
            sort_order ASC, create_time DESC
    </select>

    <!-- Count Total Articles -->
    <select id="count" resultType="int">
        SELECT 
            COUNT(1)
        FROM 
            cms_article
    </select>

    <!-- Count Articles By Category ID -->
    <select id="countByCategoryId" resultType="int">
        SELECT 
            COUNT(1)
        FROM 
            cms_article
        WHERE 
            category_id = #{categoryId}
    </select>

    <!-- Insert Article -->
    <insert id="insert" parameterType="com.cms.entity.Article" useGeneratedKeys="true" keyProperty="id">
        INSERT INTO cms_article (
            title, content, summary, cover_image, category_id, category_name, status, 
            view_count, featured, author_id, author_name, publish_time, 
            create_time, update_time, create_by, update_by, keywords, 
            seo_description, url_alias, sort_order
        ) VALUES (
            #{title}, #{content}, #{summary}, #{coverImage}, #{categoryId}, #{categoryName}, #{status}, 
            #{viewCount}, #{featured}, #{authorId}, #{authorName}, #{publishTime}, 
            NOW(), NOW(), #{createBy}, #{updateBy}, #{keywords}, 
            #{seoDescription}, #{urlAlias}, #{sortOrder}
        )
    </insert>

    <!-- Update Article -->
    <update id="update" parameterType="com.cms.entity.Article">
        UPDATE cms_article
        <set>
            <if test="title != null">title = #{title},</if>
            <if test="content != null">content = #{content},</if>
            <if test="summary != null">summary = #{summary},</if>
            <if test="coverImage != null">cover_image = #{coverImage},</if>
            <if test="categoryId != null">category_id = #{categoryId},</if>
            <if test="categoryName != null">category_name = #{categoryName},</if>
            <if test="status != null">status = #{status},</if>
            <if test="viewCount != null">view_count = #{viewCount},</if>
            <if test="featured != null">featured = #{featured},</if>
            <if test="authorId != null">author_id = #{authorId},</if>
            <if test="authorName != null">author_name = #{authorName},</if>
            <if test="publishTime != null">publish_time = #{publishTime},</if>
            update_time = NOW(),
            <if test="updateBy != null">update_by = #{updateBy},</if>
            <if test="keywords != null">keywords = #{keywords},</if>
            <if test="seoDescription != null">seo_description = #{seoDescription},</if>
            <if test="urlAlias != null">url_alias = #{urlAlias},</if>
            <if test="sortOrder != null">sort_order = #{sortOrder},</if>
        </set>
        WHERE id = #{id}
    </update>

    <!-- Update Status -->
    <update id="updateStatus">
        UPDATE cms_article
        SET status = #{status}, update_time = NOW()
        WHERE id = #{id}
    </update>

    <!-- Increment View Count -->
    <update id="incrementViewCount">
        UPDATE cms_article
        SET view_count = view_count + 1
        WHERE id = #{id}
    </update>

    <!-- Delete Article -->
    <delete id="deleteById">
        DELETE FROM cms_article
        WHERE id = #{id}
    </delete>
</mapper>