<?xml version="1.0" encoding="UTF-8" ?>
<!DOCTYPE mapper PUBLIC "-//mybatis.org//DTD Mapper 3.0//EN" "http://mybatis.org/dtd/mybatis-3-mapper.dtd" >
<mapper namespace="com.cms.mapper.CategoryMapper">
    <!-- Result Map -->
    <resultMap id="categoryResultMap" type="com.cms.entity.Category">
        <id column="id" property="id"/>
        <result column="name" property="name"/>
        <result column="description" property="description"/>
        <result column="parent_id" property="parentId"/>
        <result column="sort_order" property="sortOrder"/>
        <result column="icon" property="icon"/>
        <result column="status" property="status"/>
        <result column="article_count" property="articleCount"/>
        <result column="create_time" property="createTime"/>
        <result column="update_time" property="updateTime"/>
        <result column="create_by" property="createBy"/>
        <result column="update_by" property="updateBy"/>
        <result column="remark" property="remark"/>
    </resultMap>

    <!-- Base Column List -->
    <sql id="baseColumnList">
        id, name, description, parent_id, sort_order, icon, status, article_count, 
        create_time, update_time, create_by, update_by, remark
    </sql>

    <!-- Find By ID -->
    <select id="findById" resultMap="categoryResultMap">
        SELECT 
            <include refid="baseColumnList"/>
        FROM 
            cms_category
        WHERE 
            id = #{id}
    </select>

    <!-- Find All Categories -->
    <select id="findAll" resultMap="categoryResultMap">
        SELECT 
            <include refid="baseColumnList"/>
        FROM 
            cms_category
        ORDER BY 
            sort_order ASC, create_time DESC
    </select>

    <!-- Find All with Pagination -->
    <select id="findAllWithPagination" resultMap="categoryResultMap">
        SELECT 
            <include refid="baseColumnList"/>
        FROM 
            cms_category
        ORDER BY 
            sort_order ASC, create_time DESC
        LIMIT #{offset}, #{limit}
    </select>

    <!-- Find By Parent ID -->
    <select id="findByParentId" resultMap="categoryResultMap">
        SELECT 
            <include refid="baseColumnList"/>
        FROM 
            cms_category
        WHERE 
            parent_id = #{parentId}
        ORDER BY 
            sort_order ASC, create_time DESC
    </select>

    <!-- Find By Status -->
    <select id="findByStatus" resultMap="categoryResultMap">
        SELECT 
            <include refid="baseColumnList"/>
        FROM 
            cms_category
        WHERE 
            status = #{status}
        ORDER BY 
            sort_order ASC, create_time DESC
    </select>

    <!-- Count Total Categories -->
    <select id="count" resultType="int">
        SELECT 
            COUNT(1)
        FROM 
            cms_category
    </select>

    <!-- Insert Category -->
    <insert id="insert" parameterType="com.cms.entity.Category" useGeneratedKeys="true" keyProperty="id">
        INSERT INTO cms_category (
            name, description, parent_id, sort_order, icon, status, article_count,
            create_time, update_time, create_by, update_by, remark
        ) VALUES (
            #{name}, #{description}, #{parentId}, #{sortOrder}, #{icon}, #{status}, #{articleCount},
            NOW(), NOW(), #{createBy}, #{updateBy}, #{remark}
        )
    </insert>

    <!-- Update Category -->
    <update id="update" parameterType="com.cms.entity.Category">
        UPDATE cms_category
        <set>
            <if test="name != null">name = #{name},</if>
            <if test="description != null">description = #{description},</if>
            <if test="parentId != null">parent_id = #{parentId},</if>
            <if test="sortOrder != null">sort_order = #{sortOrder},</if>
            <if test="icon != null">icon = #{icon},</if>
            <if test="status != null">status = #{status},</if>
            <if test="articleCount != null">article_count = #{articleCount},</if>
            update_time = NOW(),
            <if test="updateBy != null">update_by = #{updateBy},</if>
            <if test="remark != null">remark = #{remark},</if>
        </set>
        WHERE id = #{id}
    </update>

    <!-- Update Status -->
    <update id="updateStatus">
        UPDATE cms_category
        SET status = #{status}, update_time = NOW()
        WHERE id = #{id}
    </update>

    <!-- Update Article Count -->
    <update id="updateArticleCount">
        UPDATE cms_category
        SET article_count = #{count}, update_time = NOW()
        WHERE id = #{id}
    </update>

    <!-- Delete Category -->
    <delete id="deleteById">
        DELETE FROM cms_category
        WHERE id = #{id}
    </delete>
</mapper>