<?xml version="1.0" encoding="UTF-8" ?>
<!DOCTYPE mapper PUBLIC "-//mybatis.org//DTD Mapper 3.0//EN" "http://mybatis.org/dtd/mybatis-3-mapper.dtd" >
<mapper namespace="com.cms.mapper.TagMapper">
    <!-- Result Map -->
    <resultMap id="tagResultMap" type="com.cms.entity.Tag">
        <id column="id" property="id"/>
        <result column="name" property="name"/>
        <result column="description" property="description"/>
        <result column="color" property="color"/>
        <result column="article_count" property="articleCount"/>
        <result column="create_time" property="createTime"/>
        <result column="update_time" property="updateTime"/>
        <result column="create_by" property="createBy"/>
        <result column="update_by" property="updateBy"/>
    </resultMap>

    <!-- Base Column List -->
    <sql id="baseColumnList">
        id, name, description, color, article_count, create_time, update_time, create_by, update_by
    </sql>

    <!-- Find By ID -->
    <select id="findById" resultMap="tagResultMap">
        SELECT 
            <include refid="baseColumnList"/>
        FROM 
            cms_tag
        WHERE 
            id = #{id}
    </select>

    <!-- Find By Name -->
    <select id="findByName" resultMap="tagResultMap">
        SELECT 
            <include refid="baseColumnList"/>
        FROM 
            cms_tag
        WHERE 
            name = #{name}
    </select>

    <!-- Find All Tags -->
    <select id="findAll" resultMap="tagResultMap">
        SELECT 
            <include refid="baseColumnList"/>
        FROM 
            cms_tag
        ORDER BY 
            article_count DESC, create_time DESC
    </select>

    <!-- Find All with Pagination -->
    <select id="findAllWithPagination" resultMap="tagResultMap">
        SELECT 
            <include refid="baseColumnList"/>
        FROM 
            cms_tag
        ORDER BY 
            article_count DESC, create_time DESC
        LIMIT #{offset}, #{limit}
    </select>

    <!-- Find By Article ID -->
    <select id="findByArticleId" resultMap="tagResultMap">
        SELECT 
            t.id, t.name, t.description, t.color, t.article_count, t.create_time, t.update_time, t.create_by, t.update_by
        FROM 
            cms_tag t
        INNER JOIN 
            cms_article_tag at ON t.id = at.tag_id
        WHERE 
            at.article_id = #{articleId}
        ORDER BY 
            t.article_count DESC
    </select>

    <!-- Find Popular Tags -->
    <select id="findPopular" resultMap="tagResultMap">
        SELECT 
            <include refid="baseColumnList"/>
        FROM 
            cms_tag
        ORDER BY 
            article_count DESC
        LIMIT #{limit}
    </select>

    <!-- Count Total Tags -->
    <select id="count" resultType="int">
        SELECT 
            COUNT(1)
        FROM 
            cms_tag
    </select>

    <!-- Insert Tag -->
    <insert id="insert" parameterType="com.cms.entity.Tag" useGeneratedKeys="true" keyProperty="id">
        INSERT INTO cms_tag (
            name, description, color, article_count, create_time, update_time, create_by, update_by
        ) VALUES (
            #{name}, #{description}, #{color}, #{articleCount}, NOW(), NOW(), #{createBy}, #{updateBy}
        )
    </insert>

    <!-- Update Tag -->
    <update id="update" parameterType="com.cms.entity.Tag">
        UPDATE cms_tag
        <set>
            <if test="name != null">name = #{name},</if>
            <if test="description != null">description = #{description},</if>
            <if test="color != null">color = #{color},</if>
            <if test="articleCount != null">article_count = #{articleCount},</if>
            update_time = NOW(),
            <if test="updateBy != null">update_by = #{updateBy},</if>
        </set>
        WHERE id = #{id}
    </update>

    <!-- Update Article Count -->
    <update id="updateArticleCount">
        UPDATE cms_tag
        SET article_count = #{count}, update_time = NOW()
        WHERE id = #{id}
    </update>

    <!-- Delete Tag -->
    <delete id="deleteById">
        DELETE FROM cms_tag
        WHERE id = #{id}
    </delete>
</mapper>